feature,lr_coef_abs,rf_importance,xgb_importance
sigma_prime,0.12605018712098778,0.21189344129165366,0.08676613867282867
oov_rate,0.05052006722268331,0.17451829153281978,0.07953830063343048
severity,0.4587715289755854,0.17978399960103275,0.5531066656112671
word_count,0.2989292878899644,0.24969913229290552,0.19882245361804962
alpha,0.02088255729490311,0.18410513528158834,0.08176643401384354
