feature,lr_coef_abs,rf_importance,xgb_importance
sigma_prime,0.1941784032110863,0.18130239104503235,0.05825124680995941
oov_rate,0.08016844567196092,0.18026234023503157,0.0551384761929512
severity,0.42204424855615047,0.22143590507643973,0.7246928811073303
word_count,0.19893750791594014,0.20242515260293098,0.0940701961517334
alpha,0.16702210158233227,0.21457421104056543,0.06784733384847641
