feature,lr_coef_abs,rf_importance,xgb_importance
sigma_prime,0.09261532229287452,0.20725595098317445,0.04999513924121857
oov_rate,0.2057738715975412,0.2434754353712979,0.03631686791777611
severity,0.4294465458326482,0.24332960649470467,0.8456836938858032
word_count,0.06419087186560864,0.11141468443084157,0.038313642144203186
alpha,0.2780715988351663,0.1945243227199813,0.02969065122306347
