feature,lr_coef_abs,rf_importance,xgb_importance
sigma_prime,0.2259742677625735,0.20279147400466296,0.08677993714809418
oov_rate,0.025190530173928468,0.1923398004310309,0.09230108559131622
severity,0.28960870670290456,0.1321452033525658,0.3568555414676666
word_count,0.23951852739603563,0.13832500129208267,0.07917390763759613
alpha,0.6329162153655684,0.3343985209196577,0.38488951325416565
