feature,lr_coef_abs,rf_importance,xgb_importance
sigma_prime,0.23098715738110961,0.23587636707081763,0.12657813727855682
oov_rate,0.073478894085942,0.16410951017359998,0.11007805168628693
severity,0.4363389576144735,0.10039429975832011,0.29160773754119873
word_count,0.5582162174787281,0.32164130381271,0.35514605045318604
alpha,0.02040227040526997,0.1779785191845523,0.11659001559019089
